ID,NAME,HOST_ID,HOST_NAME,NEIGHBOURHOOD_GROUP,NEIGHBOURHOOD,LATITUDE,LONGITUDE,ROOM_TYPE,PRICE,MINIMUM_NIGHTS,NUMBER_OF_REVIEWS,LAST_REVIEW,REVIEWS_PER_MONTH,CALCULATED_HOST_LISTINGS_COUNT,AVAILABILITY_365,OUTLIERS,outlier
174966,Luxury 2Bed/2.5Bath Central Park View,836168,Henry,Manhattan,Upper West Side,40.7735,-73.98697,Entire home/apt,2000,30,30,2018-05-05,0.33,11,0,-1,-1
363673,Beautiful 3 bedroom in Manhattan,256239,Tracey,Manhattan,Upper West Side,40.80142,-73.96931,Private room,3000,7,0,,,1,365,-1,-1
664047,Lux 2Bed/2.5Bath Central Park Views,836168,Henry,Manhattan,Upper West Side,40.77516,-73.98573,Entire home/apt,2000,30,59,2016-01-28,0.71,11,364,-1,-1
893413,Architecturally Stunning Former Synagogue!,4751930,Martin,Manhattan,East Village,40.72668,-73.98179,Entire home/apt,2500,30,15,2019-07-01,0.26,1,89,-1,-1
1301321,West Village Penthouse-terrace/view,2214774,Ben And Jess,Manhattan,West Village,40.73305,-74.00412,Entire home/apt,1899,7,18,2015-10-09,0.28,1,0,-1,-1
1448703,Beautiful 1 Bedroom in Nolita/Soho ,213266,Jessica,Manhattan,Nolita,40.72193,-73.99379,Entire home/apt,5000,1,2,2013-09-28,0.03,1,365,-1,-1
1861281,Carol,9709464,Jessica,Manhattan,East Village,40.72898,-73.98051,Private room,1700,1,0,,,1,0,-1,-1
1976123,Huge Loft with Private Entrance,6547579,Josh,Manhattan,East Village,40.72823,-73.98933,Entire home/apt,1999,1,20,2015-08-20,0.39,1,0,-1,-1
2110145,UWS 1BR w/backyard + block from CP,2151325,Jay And Liz,Manhattan,Upper West Side,40.77782,-73.97848,Entire home/apt,6000,14,17,2015-02-17,0.27,1,359,-1,-1
2150727,1500 sq ft apt sleeps 8 - SuperBowl,5579700,Steve,Manhattan,Gramercy,40.73545,-73.98238,Entire home/apt,2000,1,0,,,1,0,-1,-1
2169765,Lower Park Avenue Pre War,8258307,James,Manhattan,Murray Hill,40.74855,-73.98001,Entire home/apt,2000,1,0,,,1,0,-1,-1
2224896,NYC SuperBowl Wk 5 Bdrs River View ,11353904,Todd,Manhattan,Upper West Side,40.79476,-73.97299,Entire home/apt,4000,1,0,,,1,0,-1,-1
2243699,"SuperBowl Penthouse Loft 3,000 sqft",1483320,Omri,Manhattan,Little Italy,40.71895,-73.99793,Entire home/apt,5250,1,0,,,1,0,-1,-1
2250372,"Huge 3BR Penthouse, Private Roof!",11490872,Nick,Manhattan,Kips Bay,40.74422,-73.97822,Entire home/apt,1550,2,0,,,1,0,-1,-1
2274084,3 Bedroom Apartment,11610321,Patrick,Manhattan,Kips Bay,40.74215,-73.98018,Entire home/apt,2750,1,0,,,1,0,-1,-1
2276383,Penthouse with Private Rooftop for Events/Shoots,11623750,Mike,Manhattan,Greenwich Village,40.7335,-73.99834,Entire home/apt,2500,1,0,,,1,0,-1,-1
2281142,Prime NYC Location for Super Bowl ,1427243,Jordana,Manhattan,East Village,40.73323,-73.98859,Entire home/apt,3750,1,0,,,1,0,-1,-1
2284454,MANHATTAN SUPERBOWL ACCOMODATION,11668649,Andrew,Manhattan,Upper East Side,40.76904,-73.95435,Entire home/apt,1600,1,0,,,1,0,-1,-1
2659183,"Luxury 5BR Townhouse, Upper East",5907325,Isabel,Manhattan,Upper East Side,40.76791,-73.96509,Entire home/apt,2300,3,32,2018-09-23,0.53,1,139,-1,-1
4262120,Columbus Circle and Park Views,6914968,Lisa,Manhattan,Upper West Side,40.7681,-73.98377,Entire home/apt,2695,1,0,,,1,0,-1,-1
4347579,NY Duplex Apartment in Flatiron,22568643,Jose,Manhattan,Flatiron District,40.73956,-73.98774,Entire home/apt,2000,7,0,,,1,0,-1,-1
4737930,Spanish Harlem Apt,1235070,Olson,Manhattan,East Harlem,40.79264,-73.93898,Entire home/apt,9999,5,1,2015-01-02,0.02,1,0,-1,-1
4777903,SOHO GALLERY,1581845,Indi,Manhattan,Tribeca,40.71883,-74.00357,Entire home/apt,2400,1,2,2016-10-19,0.05,1,365,-1,-1
5616298,Lux 2Bed/2.5Bath Central Park View!,836168,Henry,Manhattan,Upper West Side,40.7747,-73.98708,Entire home/apt,2000,30,9,2016-01-28,0.18,11,364,-1,-1
5649623,Lux 2Bed/2Bath Central Park Views!,836168,Henry,Manhattan,Upper West Side,40.77306,-73.98637,Entire home/apt,2000,30,9,2015-10-19,0.17,11,364,-1,-1
6833395,Amazing panoramic view loft,10767841,Manon,Manhattan,Lower East Side,40.71321,-73.99099,Entire home/apt,2000,1,18,2019-03-10,0.39,1,365,-1,-1
8515213,Studio 250 New York City,44837740,David,Manhattan,Theater District,40.75601,-73.98909,Entire home/apt,2000,1,3,2017-11-06,0.07,1,0,-1,-1
9528920,"Quiet, Clean, Lit @ LES & Chinatown",3906464,Amy,Manhattan,Lower East Side,40.71355,-73.98507,Private room,9999,99,6,2016-01-01,0.14,1,83,-1,-1
10314411,Ultra-Modern 6-bedroom House (Great for Groups),4393578,Jack,Manhattan,Chelsea,40.74234,-74.00032,Entire home/apt,1731,10,84,2019-03-31,2.8,2,97,-1,-1
11240650,Beautiful upper west side townhouse,25713263,Jess,Manhattan,Upper West Side,40.79101,-73.97961,Entire home/apt,2000,4,2,2016-08-23,0.06,1,75,-1,-1
12339863,Loft,10035055,Claudine,Manhattan,Tribeca,40.72138,-74.00767,Entire home/apt,2500,4,0,,,1,89,-1,-1
12520066,Luxury townhouse Greenwich Village,66240032,Linda,Manhattan,Greenwich Village,40.73046,-73.99562,Entire home/apt,6000,1,0,,,1,0,-1,-1
12967227,Bright studio on great location,71315006,Ege,Manhattan,Upper West Side,40.78528,-73.97111,Entire home/apt,2000,20,0,,,1,0,-1,-1
13250484,Beautiful 2000 sq. ft. loft in Hells Kitchen NYC,10196579,James,Manhattan,Hell's Kitchen,40.75647,-73.99848,Entire home/apt,2000,1,4,2017-01-06,0.11,1,362,-1,-1
13882394,VIP Duplex Townhouse with Private Garden!!!,49186997,Joseph,Manhattan,Greenwich Village,40.73305,-73.99373,Entire home/apt,3800,30,2,2017-01-27,0.06,1,180,-1,-1
14408114,Unparalleled Luxury in Midtown Manhattan,836168,Henry,Manhattan,Midtown,40.76455,-73.97959,Entire home/apt,2500,30,4,2017-04-17,0.13,11,364,-1,-1
14730708,Breathtaking City Views 3 Bed Apt. in Lincoln Sq!,836168,Henry,Manhattan,Upper West Side,40.7791,-73.98182,Entire home/apt,3000,30,8,2016-12-10,0.24,11,365,-1,-1
15347268,Modern Luxury 2 Bed/ 2 Bath apartment in Midtown!,836168,Henry,Manhattan,Midtown,40.75425,-73.98312,Entire home/apt,2000,30,4,2017-03-11,0.12,11,365,-1,-1
15857259,5 Star Luxury 2 BR Suite Heart of Manhattan,26556695,Alyssa,Manhattan,Midtown,40.7611,-73.97412,Entire home/apt,2000,2,3,2019-05-31,0.38,6,364,-1,-1
16087406,2 BDRM Presidential Reserve at Wyndham Midtown 45,69545883,Chayla,Manhattan,Midtown,40.75368,-73.97358,Private room,1599,3,2,2017-06-09,0.08,12,365,-1,-1
16348791,Spectacular Townhouse 4Floor 5BD West Village NYC,101132948,Maud,Manhattan,West Village,40.73726,-74.00085,Entire home/apt,2590,1,8,2018-12-27,0.41,1,361,-1,-1
17537893,The Otheroom Bar/Event/Filming Space -read details,18037301,James,Manhattan,West Village,40.73571,-74.0078,Entire home/apt,4000,1,0,,,1,173,-1,-1
17666300,Ultimate 50th Floor Downtown Penthouse  - 4000SqFt,120250860,Diana,Manhattan,SoHo,40.72318,-74.00223,Entire home/apt,2250,2,21,2019-07-01,0.74,2,343,-1,-1
18071399,West Chelsea Studios - Penthouse 12,113534805,Jackie,Manhattan,Chelsea,40.74932,-74.00333,Private room,2800,1,0,,,1,89,-1,-1
18094418,4000 SqFt Luxury Penthouse  - Downtown NYC,120250860,Diana,Manhattan,SoHo,40.72207,-74.00232,Entire home/apt,2250,2,20,2019-06-15,0.82,2,341,-1,-1
18312034,Prestige Townhouse 5B 3.5bath East Central Park,37901086,Virginie,Manhattan,Upper East Side,40.76482,-73.96061,Entire home/apt,1475,1,1,2019-07-03,1.0,1,362,-1,-1
18610554,"Private bedroom, Queenbed on suite bath and closet",7055854,Diane,Manhattan,East Harlem,40.80141,-73.94341,Private room,2000,6,0,,,5,219,-1,-1
18616208,"Modern Townhouse for Photo, Film &  Daytime Events",55017405,Lanie,Manhattan,Upper West Side,40.77978,-73.97598,Entire home/apt,2900,1,0,,,1,180,-1,-1
19013613,4 Bed 3.5 Bath in Manhattan,129474716,Abcstay,Manhattan,West Village,40.73983,-74.00586,Entire home/apt,1599,30,6,2018-01-19,0.24,1,0,-1,-1
19554980,A Cozy Manhattan Sanctuary,97796457,Logan,Manhattan,Upper West Side,40.8016,-73.96409,Entire home/apt,2500,40,17,2018-03-26,0.91,1,0,-1,-1
20016493,"ART LOFT/HOME:  DINNERS, GATHERINGS, PHOTO",142118455,Allan,Manhattan,NoHo,40.7256,-73.99487,Entire home/apt,1795,1,38,2019-06-21,1.65,1,116,-1,-1
20692563,Greenwich Village Townhome with Private Garden!,147814925,Lloyd,Manhattan,Greenwich Village,40.733,-73.99413,Entire home/apt,3900,30,7,2018-03-13,0.32,1,180,-1,-1
21701058,Luxury 8 Bedroom Townhouse in Midtown-Sleeps 16,69852641,Lisa,Manhattan,Hell's Kitchen,40.76481,-73.98845,Entire home/apt,2200,2,6,2019-03-02,0.35,3,217,-1,-1
22263855,SPECTACULAR SOHO GREAT ROOM LOFT 6000sq feet,6145729,Stephanie,Manhattan,SoHo,40.72605,-74.00572,Entire home/apt,3000,7,1,2019-06-30,1.0,1,325,-1,-1
22295960,Chelsea Gallery Space for events and exhibitions,3750764,Kevin,Manhattan,Chelsea,40.75081,-74.00396,Private room,2010,1,0,,,6,364,-1,-1
22296097,Chelsea Gallery Space for events and exhibitions,3750764,Kevin,Manhattan,Chelsea,40.74913,-74.00373,Private room,3210,1,0,,,6,364,-1,-1
22296197,"Chelsea Gallery for events, exhibitions, fashion",3750764,Kevin,Manhattan,Chelsea,40.74888,-74.00481,Entire home/apt,4160,1,0,,,6,364,-1,-1
22436899,1-BR Lincoln Center,72390391,Jelena,Manhattan,Upper West Side,40.77213,-73.98665,Entire home/apt,10000,30,0,,,1,83,-1,-1
22779726,East 72nd Townhouse by (Hidden by Airbnb),156158778,Sally,Manhattan,Upper East Side,40.76824,-73.95989,Entire home/apt,7703,1,0,,,12,146,-1,-1
22779746,East 7th Street III by (Hidden by Airbnb),156158778,Sally,Manhattan,East Village,40.72779,-73.98644,Entire home/apt,3518,1,0,,,12,215,-1,-1
22780103,Park Avenue Mansion by (Hidden by Airbnb),156158778,Sally,Manhattan,Upper East Side,40.78517,-73.9527,Entire home/apt,6419,1,0,,,12,45,-1,-1
23377410,Beautiful/Spacious 1 bed luxury flat-TriBeCa/Soho,18128455,Rum,Manhattan,Tribeca,40.72197,-74.00633,Entire home/apt,8500,30,2,2018-09-18,0.18,1,251,-1,-1
23860219,Designer's Beautiful 2BR Apartment in NOLITA/SOHO,152228055,Ilo And Richard,Manhattan,Nolita,40.72233,-73.99574,Entire home/apt,2990,2,69,2019-06-29,4.36,1,237,-1,-1
25018204,"Paradise Garden, Spa, Steam & Massage Table #10299",172611460,Rasmus,Manhattan,Harlem,40.82263,-73.95181,Entire home/apt,2500,3,14,2019-06-24,1.38,2,150,-1,-1
27222175,Private Bedroom in the Financial District,126897791,Allison,Manhattan,Financial District,40.70662,-74.00562,Private room,1700,120,0,,,1,0,-1,-1
27629043,A Night at Anchor Aboard Yacht Ventura,45863742,James,Manhattan,Battery Park City,40.71364,-74.01758,Entire home/apt,3750,1,0,,,1,365,-1,-1
29542012,Gorgeous Bohemian one BEDROOM in EAST VILLAGE,29387678,Robin,Manhattan,East Village,40.72208,-73.98472,Private room,1700,23,0,,,1,365,-1,-1
29547314,"Apartment New York 
Hell’s Kitchens",35303743,Patricia,Manhattan,Upper West Side,40.76835,-73.98367,Private room,6500,30,0,,,1,97,-1,-1
29964348,NYC HOLIDAY!!!!   April 15- May 15,2039658,Pam,Manhattan,Upper East Side,40.76519,-73.96874,Entire home/apt,3600,31,0,,,1,358,-1,-1
30035166,4-Floor Unique Event Space 50P Cap. - #10299B,172611460,Rasmus,Manhattan,Harlem,40.82511,-73.94961,Entire home/apt,5000,1,2,2019-02-23,0.38,2,150,-1,-1
30091241,Tribeca - Large 4 bedroom 2 bathroom for Xmas/NY,102655617,Mahesh,Manhattan,Tribeca,40.71546,-74.00856,Entire home/apt,2000,1,1,2019-01-01,0.16,1,0,-1,-1
30145754,Large shared apartment in Alphabet City,113675409,Adam,Manhattan,East Village,40.72724,-73.97601,Private room,1880,180,0,,,1,358,-1,-1
30146411,Luxury West Village private Townhouse 5B Garden,101080203,Luxury Property,Manhattan,Gramercy,40.73652,-73.98618,Entire home/apt,3000,1,1,2018-12-16,0.15,1,365,-1,-1
30206026,Massive Loft in the Heart of Union square,51340124,Nikki,Manhattan,Chelsea,40.73851,-73.99213,Entire home/apt,3000,2,0,,,2,0,-1,-1
30293703,"LUXURIOUS 5 bedroom, 4.5 bath home",36332698,Lisa,Manhattan,Upper West Side,40.79009,-73.97544,Entire home/apt,2999,1,0,,,1,0,-1,-1
30443976,Times Square Palace,193986289,Greg,Manhattan,Theater District,40.76006,-73.98589,Entire home/apt,3000,1,0,,,1,311,-1,-1
30589636,Furnished 1000sq large 2bed + office in Harlem,229458601,Kay,Manhattan,Harlem,40.81315,-73.9511,Entire home/apt,3200,90,0,,,1,365,-1,-1
30962126,CQ 1 Bedroom,30223355,Adrienne,Manhattan,Financial District,40.70706,-74.00991,Private room,3000,3,0,,,1,23,-1,-1
31019621,Luxury on 5th Ave St. Regis 2 King BR Suite 5 Star,26556695,Alyssa,Manhattan,Midtown,40.76024,-73.97483,Entire home/apt,1999,1,0,,,6,365,-1,-1
31340283,2br - The Heart of NYC: Manhattans Lower East Side,4382127,Matt,Manhattan,Lower East Side,40.7198,-73.98566,Entire home/apt,9999,30,0,,,1,365,-1,-1
31470004,Private bedroom/Bathroom in a 2 bedroom apartment,71241932,Max,Manhattan,East Village,40.72544,-73.97818,Private room,2500,60,0,,,1,90,-1,-1
32054416,Harrison Green by (Hidden by Airbnb),156158778,Sally,Manhattan,Tribeca,40.71782,-74.01047,Entire home/apt,1978,1,0,,,12,0,-1,-1
32054910,West 88th Street by (Hidden by Airbnb),156158778,Sally,Manhattan,Upper West Side,40.78742,-73.97011,Entire home/apt,3512,1,0,,,12,124,-1,-1
32476606,Recently Renovated & Furnished Apt- Room available,244008821,Sonia,Manhattan,West Village,40.7354,-74.00208,Private room,2850,100,0,,,1,270,-1,-1
33007610,70' Luxury MotorYacht on the Hudson,7407743,Jack,Manhattan,Battery Park City,40.71162,-74.01693,Entire home/apt,7500,1,0,,,1,364,-1,-1
33029434,West 84th Street by (Hidden by Airbnb),156158778,Sally,Manhattan,Upper West Side,40.78545,-73.97123,Entire home/apt,3613,1,1,2019-06-15,1.0,12,158,-1,-1
33171891,30 days minimum Time square West Midtown apartment,177396569,Yanina,Manhattan,Hell's Kitchen,40.76043,-73.99132,Entire home/apt,4100,30,0,,,3,180,-1,-1
33397385,Midtown Manhattan great location (Gramacy park),16105313,Debra,Manhattan,Midtown,40.74482,-73.98367,Entire home/apt,5100,30,1,2019-06-22,1.0,2,343,-1,-1
33718046,Prime Location!Cozy 2BR in West Village!,253192168,Romeo,Manhattan,West Village,40.73037,-74.00497,Entire home/apt,1799,2,0,,,1,270,-1,-1
33998396,3000 sq ft daylight photo studio,3750764,Kevin,Manhattan,Chelsea,40.7506,-74.00388,Entire home/apt,6800,1,0,,,6,364,-1,-1
34737386,Great Duplex in Gramercy (private bedroom + bath),15690228,Nicolas,Manhattan,Gramercy,40.73676,-73.9842,Private room,1900,7,0,,,1,332,-1,-1
34915860,Times Square 3BR Loft! Amazing Location!,256496159,Aleksey,Manhattan,Hell's Kitchen,40.75535,-73.99502,Entire home/apt,2500,70,0,,,3,191,-1,-1
35297214,Amazing Chelsea 4BR Loft!,256649546,Viberlyn,Manhattan,Chelsea,40.73999,-73.99806,Entire home/apt,2995,30,1,2019-06-24,1.0,1,214,-1,-1
35481836,Duplex Residence with Breathtaking NYC View!,232557023,NuAve,Manhattan,Flatiron District,40.73942,-73.98648,Entire home/apt,1750,7,0,,,1,178,-1,-1
35962668,Private Townhome in Midtown East near UN,270294045,Christian,Manhattan,Midtown,40.7542,-73.96815,Entire home/apt,1600,3,0,,,1,365,-1,-1
36056808,Luxury TriBeCa Apartment at an amazing price,271248669,Jenny,Manhattan,Tribeca,40.71206,-74.00999,Entire home/apt,6500,180,0,,,1,365,-1,-1
36189195,Next to Times Square/Javits/MSG! Amazing 1BR!,270214015,Rogelio,Manhattan,Hell's Kitchen,40.75533,-73.99866,Entire home/apt,2999,30,0,,,1,222,-1,-1
36189257,2BR Near Museum Mile! Upper East Side!,272166348,Mary Rotsen,Manhattan,Upper East Side,40.78132,-73.95262,Entire home/apt,1999,30,0,,,1,270,-1,-1
