ID,NAME,HOST_ID,HOST_NAME,NEIGHBOURHOOD_GROUP,NEIGHBOURHOOD,LATITUDE,LONGITUDE,ROOM_TYPE,PRICE,MINIMUM_NIGHTS,NUMBER_OF_REVIEWS,LAST_REVIEW,REVIEWS_PER_MONTH,CALCULATED_HOST_LISTINGS_COUNT,AVAILABILITY_365,OUTLIERS,outlier
6557289,1 Room in a 2 Bedroom Available,7074531,Jonathan,Bronx,Longwood,40.82639,-73.90363,Private room,680,1,0,,,1,0,1,-1
19698169,"""The luxury of Comfort""",131826530,Kathy,Bronx,Riverdale,40.88671,-73.9151,Private room,2500,2,0,,,3,179,-1,-1
20330081,New York's Hidden Secret for luxury living,131826530,Kathy,Bronx,Riverdale,40.88515,-73.91411,Shared room,800,2,1,2017-09-03,0.04,3,269,1,-1
30253236,SedaOn2 Dance Studio,140862407,Angelie,Bronx,Westchester Square,40.84378,-73.84469,Entire home/apt,670,1,2,2019-03-31,0.34,1,178,1,-1
36177241,VJ'S 5 HOUR YACHT TOUR,23732730,Buddy,Bronx,City Island,40.84443,-73.78497,Entire home/apt,1000,1,0,,,4,90,1,-1
