ID,NAME,HOST_ID,HOST_NAME,NEIGHBOURHOOD_GROUP,NEIGHBOURHOOD,LATITUDE,LONGITUDE,ROOM_TYPE,PRICE,MINIMUM_NIGHTS,NUMBER_OF_REVIEWS,LAST_REVIEW,REVIEWS_PER_MONTH,CALCULATED_HOST_LISTINGS_COUNT,AVAILABILITY_365,OUTLIERS,outlier
826690,"Sunny, Family-Friendly 2 Bedroom",4289240,Lucy,Brooklyn,Prospect Heights,40.67919,-73.97191,Entire home/apt,4000,4,0,,,1,83,-1,-1
909859,"charming luxurious house, NY, Brooklyn",3343848,Laurence,Brooklyn,Park Slope,40.6734,-73.97657,Entire home/apt,890,3,26,2018-11-27,0.34,1,341,1,-1
1056256,Beautiful eco triplex w/green roof. Free yoga/spa.,462379,Loretta,Brooklyn,Carroll Gardens,40.67881,-73.99379,Entire home/apt,1395,1,55,2019-06-02,0.73,2,362,-1,-1
1300097,"Marcel the Shell with Shoes On or Off, Whatever",4069241,Shannon,Brooklyn,Brooklyn Heights,40.69424,-73.99313,Private room,1500,1,0,,,1,0,-1,-1
2231814,Modern Luxury Meets Old Money Charm,112879,Caroline,Brooklyn,Williamsburg,40.70949,-73.94221,Entire home/apt,1200,1,0,,,1,0,-1,-1
2261367,brooklyn 14 bedroom gated community,10416706,Tzvi,Brooklyn,Sea Gate,40.57645,-74.01065,Entire home/apt,1485,2,6,2019-06-30,0.24,1,260,-1,-1
2271504,SUPER BOWL Brooklyn Duplex Apt!!,11598359,Jonathan,Brooklyn,Clinton Hill,40.68766,-73.96439,Entire home/apt,6500,1,0,,,1,0,-1,-1
2297259,SUPER SUPER BOWL PAD,11733037,Clayton,Brooklyn,Boerum Hill,40.68497,-73.989,Entire home/apt,900,1,0,,,1,365,1,-1
2919330,NearWilliamsburg bridge 11211 BK,14908606,Bianca,Brooklyn,Bedford-Stuyvesant,40.69572,-73.95731,Private room,5000,6,10,2016-01-02,0.16,1,363,-1,-1
2952861,Photography Location,1177497,Jessica,Brooklyn,Clinton Hill,40.69127,-73.96563,Entire home/apt,4500,1,5,2018-12-29,0.09,11,365,-1,-1
2953058,Film Location,1177497,Jessica,Brooklyn,Clinton Hill,40.69137,-73.96723,Entire home/apt,8000,1,1,2016-09-15,0.03,11,365,-1,-1
3013383,Unique Brooklyn Brownstone,15356877,Rachel,Brooklyn,Cobble Hill,40.68494,-73.99685,Entire home/apt,795,6,0,,,1,14,1,-1
3337808,Clean & Comfy Modern Townhouse,3655542,Alexis,Brooklyn,Boerum Hill,40.68732,-73.98254,Entire home/apt,1000,4,0,,,1,0,1,-1
3928833,Brooklyn townhouse for filming,1331180,Matt -N- Jenny,Brooklyn,Bushwick,40.6845,-73.91193,Entire home/apt,1000,2,0,,,1,0,1,-1
4227161,New York I Love You 7 Bedrooms,20318233,Nirit (Nina),Brooklyn,Bedford-Stuyvesant,40.68542,-73.95184,Entire home/apt,1050,3,121,2019-06-10,2.19,1,327,-1,-1
4358291,Stunning Brooklyn Brownstone,22622958,Wayne,Brooklyn,Park Slope,40.67761,-73.97667,Entire home/apt,985,2,20,2019-07-05,1.6,2,19,1,-1
4823682,Cat-sit in our Awesome Apartment!,2921076,Kelly,Brooklyn,Bedford-Stuyvesant,40.68235,-73.94634,Entire home/apt,2000,7,3,2015-12-30,0.05,1,0,-1,-1
5116726,Stunning townhouse in Park Slope,7203997,Gosia,Brooklyn,Park Slope,40.67034,-73.97512,Entire home/apt,995,2,43,2019-06-13,0.82,2,328,-1,-1
5131879,"Large, comfy 1br in Williamsburg!",26529661,Alexis,Brooklyn,Williamsburg,40.7127,-73.94643,Entire home/apt,1763,60,0,,,1,0,-1,-1
5578843,Private cozy Bedroom in Brooklyn ,26098783,Sam,Brooklyn,Sunset Park,40.65137,-74.00666,Private room,2000,40,28,2015-12-06,0.54,2,0,-1,-1
5582283,Cozy bedroom in Brooklyn Sunsetpark,26098783,Sam,Brooklyn,Sunset Park,40.65118,-74.00842,Private room,2000,2,0,,,2,365,-1,-1
7380251,Private Room in New Bed-Stuy Lofts,38661692,Dee,Brooklyn,Bedford-Stuyvesant,40.6898,-73.95205,Private room,1600,1,0,,,1,0,-1,-1
7915831,"Lovely, Room/with Private bathroom",5719436,Leonie,Brooklyn,Flatbush,40.63982,-73.96634,Private room,1100,1,1,2016-09-11,0.03,1,365,-1,-1
8069030,Clinton Hill Flat,42619297,John,Brooklyn,Clinton Hill,40.69242,-73.96828,Entire home/apt,999,2,141,2019-04-28,3.04,2,67,1,-1
8713685,Brooklyn Apt w/ Recording Studio,9739435,Maureen And Ned,Brooklyn,Gowanus,40.67475,-73.99707,Entire home/apt,1000,2,0,,,1,365,1,-1
8736827,Rain or Shine Studios:  Dedicated to Production,45837698,Brian,Brooklyn,Sheepshead Bay,40.58599,-73.92762,Entire home/apt,2000,1,1,2015-10-27,0.02,1,365,-1,-1
8840563,Sunny 1 bedroom long or short term,42621530,Maory,Brooklyn,Williamsburg,40.71097,-73.95886,Entire home/apt,1150,7,2,2015-12-07,0.04,1,0,-1,-1
8847577,Beautiful Brooklyn Brownstone,21052756,Odette,Brooklyn,Cobble Hill,40.68561,-73.99572,Entire home/apt,1000,5,1,2016-01-03,0.02,1,0,1,-1
9809784,Lux Interior Designer Brookyln Flat,3976298,Sidra,Brooklyn,Prospect Heights,40.67815,-73.96823,Entire home/apt,995,5,1,2016-01-02,0.02,1,89,-1,-1
10386936,Private Room in Williamsburg!,53471415,Mark,Brooklyn,Williamsburg,40.71141,-73.95155,Private room,1002,365,10,2016-05-19,0.25,1,365,-1,-1
11495792,Huge 1 bdrm apt; sublet March-Aug,60535622,Adela,Brooklyn,Crown Heights,40.66391,-73.95179,Entire home/apt,2100,120,0,,,1,363,-1,-1
11553360,King 7,42619297,John,Brooklyn,Fort Greene,40.69413,-73.9723,Entire home/apt,999,2,94,2019-06-02,2.85,2,361,1,-1
12404820,Perfect Neighborhood sublet,40015388,Daniel,Brooklyn,Park Slope,40.67086,-73.97847,Private room,935,1,0,,,1,0,1,-1
12543988,Sunny Williamsburg Sublet,17763535,Greta,Brooklyn,Williamsburg,40.71183,-73.94918,Private room,1300,1,0,,,1,0,-1,-1
12851307,Private Room in Williamsburg Duplex,70208173,Mark,Brooklyn,Williamsburg,40.71267,-73.95367,Private room,1000,35,6,2016-06-02,0.16,1,365,1,-1
13025960,Bright & Cozy Furnitured 4 Sublet,71948176,Cristian,Brooklyn,Bedford-Stuyvesant,40.68917,-73.95528,Private room,1000,1,0,,,1,0,1,-1
13601777,Planta Baja Studio,68890,Paula,Brooklyn,Bedford-Stuyvesant,40.68786,-73.95688,Entire home/apt,1000,1,10,2018-06-14,0.28,3,365,1,-1
13894339,Luxury 1 bedroom apt. -stunning Manhattan views,5143901,Erin,Brooklyn,Greenpoint,40.7326,-73.95739,Entire home/apt,10000,5,5,2017-07-27,0.16,1,0,-1,-1
15537258,889 Bushwick Ave,74442807,Sean,Brooklyn,Bushwick,40.69477,-73.92611,Private room,2000,5,1,2019-01-05,0.16,1,0,-1,-1
15928889,Cozy private room in a new building in Bushwick,103273584,Kevin,Brooklyn,Bushwick,40.69283,-73.92702,Private room,900,15,3,2018-09-26,0.09,1,83,1,-1
15954250,Beautiful 3000 SF Triplex house in Clinton Hill,38764806,Ami,Brooklyn,Clinton Hill,40.68764,-73.96782,Entire home/apt,950,4,19,2019-05-20,0.62,1,323,1,-1
16807028,Sunny Ditmas Park Carriage House (Events Listing),8111912,Jed,Brooklyn,Flatbush,40.64335,-73.96745,Entire home/apt,1000,1,1,2019-04-02,0.31,2,365,1,-1
17030043,Cozy private room in Bedstuy,21929511,Stephen,Brooklyn,Bedford-Stuyvesant,40.6932,-73.95519,Private room,900,1,1,2017-02-11,0.03,1,89,1,-1
18737594,Brownstone in Clinton Hill Brooklyn,45763784,Julio,Brooklyn,Clinton Hill,40.68499,-73.96524,Entire home/apt,825,3,2,2018-09-28,0.19,2,44,1,-1
18948914,MODERN GARDEN 1BR IN NEWLY RENOVATED TOWNHOUSE,70804640,Akiko,Brooklyn,Bedford-Stuyvesant,40.68378,-73.95592,Entire home/apt,1067,2,64,2019-06-29,2.51,1,32,-1,-1
19801076,The North House:Large NYC home 15 Min to Manhattan,5483699,Jeff,Brooklyn,Bedford-Stuyvesant,40.68085,-73.94224,Entire home/apt,789,2,51,2019-06-24,2.12,1,175,1,-1
20070296,"Stunning Brooklyn Heights House, Manhattan 5 mins",5173627,Tara,Brooklyn,Brooklyn Heights,40.70136,-73.99372,Entire home/apt,1095,2,24,2019-03-24,1.01,1,240,-1,-1
20420507,Beautiful Big Brownstone Bedroom w/ Natural Light,65830935,Jade,Brooklyn,Bedford-Stuyvesant,40.6801,-73.94072,Private room,1000,2,0,,,1,0,1,-1
20654227,Fulton 2,100069033,Sarah-2,Brooklyn,Cypress Hills,40.68185,-73.88128,Entire home/apt,5000,2,4,2018-01-03,0.18,1,0,-1,-1
20723274,CHIC EVENT SPACE,148391880,Michael,Brooklyn,Flatlands,40.62724,-73.93043,Entire home/apt,1700,1,0,,,1,365,-1,-1
21238053,Broadway 1,153497815,Sarah-B,Brooklyn,Bedford-Stuyvesant,40.68742,-73.91957,Entire home/apt,5000,2,8,2017-12-09,0.38,1,0,-1,-1
22207357,The room boom,162116640,Tuvia,Brooklyn,Brighton Beach,40.58363,-73.96405,Private room,3000,1,0,,,1,90,-1,-1
22779542,Bergen Street by (Hidden by Airbnb),156158778,Sally,Brooklyn,Prospect Heights,40.67862,-73.97065,Entire home/apt,1680,1,0,,,12,14,-1,-1
22780158,Park Place Townhouse by (Hidden by Airbnb),156158778,Sally,Brooklyn,Park Slope,40.67859,-73.97787,Entire home/apt,2626,1,0,,,12,31,-1,-1
22780220,Prospect Place by (Hidden by Airbnb),156158778,Sally,Brooklyn,Prospect Heights,40.67829,-73.96899,Entire home/apt,2103,1,0,,,12,20,-1,-1
23370484,SHOOTS ONLY -- Large Sunny loft in Williamsburg,11844979,V,Brooklyn,Williamsburg,40.71782,-73.96318,Entire home/apt,1000,1,0,,,4,179,1,-1
23372850,SHOOTS ONLY - Eclectic Artist Loft in Williamsburg,11844979,V,Brooklyn,Williamsburg,40.71846,-73.9616,Entire home/apt,2000,1,0,,,4,177,-1,-1
23373090,SHOOTS ONLY - Huge Artist loft in Williamsburg,11844979,V,Brooklyn,Williamsburg,40.71653,-73.96276,Entire home/apt,2500,1,0,,,4,140,-1,-1
24535740,TV-PHOTO-FILM-CINEMA-ART GALLERY-MUSIC STUDIO-LOFT,183779546,David & Javier,Brooklyn,Williamsburg,40.71824,-73.95175,Entire home/apt,1000,1,9,2019-04-27,0.66,1,88,1,-1
24554027,"Sunlit Room in Prospect Heights, Brooklyn",24587292,Rania,Brooklyn,Crown Heights,40.67652,-73.96198,Private room,974,7,0,,,2,0,1,-1
25416257,THE 602 SHOWROOM,26490270,The 6o2,Brooklyn,Prospect-Lefferts Gardens,40.65925,-73.94862,Entire home/apt,1000,1,1,2018-10-30,0.12,1,365,1,-1
25511717,"Gorgeous summer spot in boerum hill, brooklyn!",75110137,Christina,Brooklyn,Gowanus,40.68494,-73.9885,Private room,1333,50,0,,,1,365,-1,-1
27047594,Beautiful 5100 SQ FT Industrial Brooklyn Loft,319077,Shell,Brooklyn,Clinton Hill,40.6855,-73.96112,Entire home/apt,999,1,2,2018-11-18,0.22,4,365,1,-1
27161388,Brooklyn Town House,2381030,Terry,Brooklyn,Fort Greene,40.68876,-73.97048,Entire home/apt,1200,3,1,2018-08-15,0.09,1,0,-1,-1
28439263,"10BR 6 full Bath, 3 story, entire landmark house",210970608,Lucy,Brooklyn,Crown Heights,40.6692,-73.95054,Entire home/apt,785,3,0,,,5,226,1,-1
29281407,THE HIVE // Brand New 3-Story Luxury Townhome,4874700,Eli,Brooklyn,Greenpoint,40.72549,-73.94595,Entire home/apt,975,2,0,,,1,149,1,-1
29605492,Gilchrist Private,222843411,Brian,Brooklyn,Brooklyn Heights,40.69615,-73.99682,Entire home/apt,1000,3,0,,,1,363,1,-1
29650402,Landmarked Limestone Sanctuary,68198631,Kate,Brooklyn,Prospect-Lefferts Gardens,40.66354,-73.95507,Entire home/apt,860,2,4,2019-04-28,0.49,1,23,1,-1
29710463,"2 bedroom, one bath in Crown Heights",203302656,Nadine,Brooklyn,Prospect-Lefferts Gardens,40.66249,-73.95075,Entire home/apt,2545,90,0,,,1,180,-1,-1
30348506,1500 SQ FT Williamsburg  Penthouse,198861577,Novo,Brooklyn,Williamsburg,40.72194,-73.95511,Private room,1600,1,0,,,5,0,-1,-1
30538753,Beauitful spacious Loft apartment,854567,Oketo,Brooklyn,Bedford-Stuyvesant,40.69202,-73.95456,Private room,1350,21,0,,,2,365,-1,-1
31120563,Magnificent 5 Bedroom Brooklyn Townhouse,9786357,Ilsa,Brooklyn,Prospect Heights,40.68187,-73.97075,Entire home/apt,1750,2,5,2019-07-01,1.65,1,358,-1,-1
31310624,Shoot in Eccentric Loft with tons of Natural Light,33655,Sruthi,Brooklyn,Columbia St,40.68343,-74.00371,Entire home/apt,1080,1,0,,,2,167,-1,-1
32054475,Prospect Place III by (Hidden by Airbnb),156158778,Sally,Brooklyn,Prospect Heights,40.6776,-73.96961,Entire home/apt,1494,1,0,,,12,0,-1,-1
32740761,My place 4 u,181889371,David,Brooklyn,Sea Gate,40.57919,-74.00635,Entire home/apt,1315,10,0,,,1,0,-1,-1
33796251,Beautiful private Brooklyn room with kitchenette,8748976,Jeffrey,Brooklyn,Bedford-Stuyvesant,40.68807,-73.95426,Private room,4200,114,0,,,1,347,-1,-1
34592851,Beautiful Brooklyn Brownstone Production Space,19867664,Cheryl,Brooklyn,Crown Heights,40.67015,-73.94782,Entire home/apt,2500,1,1,2019-06-08,0.94,2,168,-1,-1
34866682,New 9 Bed 4 Full Bath 3000 SF Spacious Apartment,262657892,Philip,Brooklyn,Crown Heights,40.66678,-73.93035,Entire home/apt,830,3,0,,,3,213,1,-1
34895693,Gem of east Flatbush,262534951,Sandra,Brooklyn,East Flatbush,40.65724,-73.9245,Private room,7500,1,8,2019-07-07,6.15,2,179,-1,-1
34981637,bay ridge & sunset park furnished apartment,263564234,Nony,Brooklyn,Bay Ridge,40.63087,-74.02006,Entire home/apt,4200,60,0,,,1,90,-1,-1
34983299,Amazing duplex - 5bed/4bath in prime Williamsburg,238800808,Frederick,Brooklyn,Williamsburg,40.70893,-73.9572,Entire home/apt,895,2,1,2019-07-01,1.0,1,28,1,-1
34997360,MODERN TOWN-HOME 8BR/5BA + TERRACE Williamsburg,99410435,Joshua,Brooklyn,Williamsburg,40.71399,-73.94683,Entire home/apt,795,2,1,2019-06-14,1.0,3,298,1,-1
34997446,ENTIRE Home! 10BR/6BA + Private Garden SLEEPS 20+,16625273,Richard,Brooklyn,Williamsburg,40.71398,-73.94605,Entire home/apt,995,2,0,,,3,272,-1,-1
34997894,entire apartment for rent,263670476,Algerchaabi,Brooklyn,Bay Ridge,40.6336,-74.02884,Entire home/apt,1800,30,0,,,1,335,-1,-1
35109246,Bedroom in heart of Cobble Hill BK w/ private roof,88988332,Dorothea,Brooklyn,Cobble Hill,40.68929,-73.99656,Private room,1750,30,0,,,1,179,-1,-1
35189052,Beautiful Brooklyn Brownstone next to Park,26620387,Louise,Brooklyn,Park Slope,40.66737,-73.9747,Entire home/apt,945,4,0,,,1,19,1,-1
35345358,Northside Williamsburg Stunner,956324,Alex,Brooklyn,Williamsburg,40.71705,-73.9647,Entire home/apt,4500,30,0,,,1,365,-1,-1
35713184,"Prospect Park Historic 1BR near 2,5,Q, B, S trains",11503187,A,Brooklyn,Prospect-Lefferts Gardens,40.66085,-73.95586,Entire home/apt,1400,10,1,2019-07-02,1.0,1,17,-1,-1
35863145,Cozy and Clean entire home,23533897,Fatou,Brooklyn,Crown Heights,40.6758,-73.95091,Entire home/apt,1500,2,0,,,7,267,-1,-1
36308562,"Tasteful & Trendy Brooklyn Brownstone, near Train",217732163,Sandy,Brooklyn,Bedford-Stuyvesant,40.68767,-73.95805,Entire home/apt,1369,1,0,,,1,349,-1,-1
36311055,"Stunning & Stylish Brooklyn Luxury, near Train",245712163,Urvashi,Brooklyn,Bedford-Stuyvesant,40.68245,-73.93417,Entire home/apt,1749,1,0,,,1,303,-1,-1
