ID,NAME,HOST_ID,HOST_NAME,NEIGHBOURHOOD_GROUP,NEIGHBOURHOOD,LATITUDE,LONGITUDE,ROOM_TYPE,PRICE,MINIMUM_NIGHTS,NUMBER_OF_REVIEWS,LAST_REVIEW,REVIEWS_PER_MONTH,CALCULATED_HOST_LISTINGS_COUNT,AVAILABILITY_365,OUTLIERS,outlier
2268632,Big Queens NY Apt. Clean & safe.,3619427,Ian,Queens,Sunnyside,40.73817,-73.92463,Entire home/apt,600,4,0,,,1,0,1,-1
7003697,Furnished room in Astoria apartment,20582832,Kathrine,Queens,Astoria,40.7681,-73.91651,Private room,10000,100,2,2016-02-13,0.04,1,0,-1,-1
10017050,"Nice and Quiet, lots of trees.",45483124,Maria,Queens,East Elmhurst,40.75836,-73.87631,Private room,700,1,1,2016-01-03,0.02,1,97,1,-1
11234747,Mins away to Manhattan Suite Residence,24146326,Julien,Queens,Astoria,40.76626,-73.93054,Shared room,1800,3,5,2017-04-09,0.13,2,90,-1,-1
11656721,3 bedroom near Park,46502890,Jackie,Queens,Jamaica Estates,40.72191,-73.78207,Private room,750,1,0,,,2,0,1,-1
12221970,Ziggy Stardust Surf House - A Beautiful Houseboat,9040879,Ben,Queens,Arverne,40.59491,-73.78851,Entire home/apt,750,1,14,2019-06-08,0.36,2,352,1,-1
13165301,Three bedroom house in Forest Hills NY,68848703,Rupi,Queens,Forest Hills,40.71939,-73.85127,Entire home/apt,509,3,7,2018-09-13,0.2,2,264,1,-1
13963005,Gorgeous 2 Bedroom apartment,41870118,Iveta,Queens,Forest Hills,40.72064,-73.83746,Entire home/apt,2350,365,0,,,1,364,-1,-1
18175061,New Years EVE in NY! Magnificent Private Penthouse,125320407,Sata,Queens,Briarwood,40.70678,-73.80613,Entire home/apt,1000,2,5,2018-10-07,0.27,5,365,1,-1
18595831,"The Locals House // Best Location, Nicest Home",129133511,Michael,Queens,Rockaway Beach,40.5889,-73.81585,Entire home/apt,545,1,31,2019-07-07,1.2,1,224,1,-1
18935359,Magnificent Lakeview Home on Kissena Park in NYC,23234988,Ann,Queens,Flushing,40.74982,-73.8061,Entire home/apt,1500,3,0,,,6,256,-1,-1
19057018,1BR/1BA in 2BR/2BA Flushing,356490,Peter,Queens,Flushing,40.76796,-73.81732,Shared room,1000,1,0,,,1,0,1,-1
19261720,Oceanfront vacation home on Rockaway Beach,6988611,Jill,Queens,Arverne,40.58781,-73.79317,Entire home/apt,1500,3,0,,,1,342,-1,-1
19520573,"Luxury House in Safe Area, 30 Min to Time Square",117673528,Igor,Queens,Forest Hills,40.71249,-73.85021,Private room,900,1,127,2019-07-05,5.37,1,296,1,-1
20417560,The City Farmhouse A&B **MONTHLY RENTALS**,119441,Angele,Queens,Astoria,40.75818,-73.91398,Entire home/apt,600,30,1,2017-12-26,0.05,3,220,1,-1
21937197,"Warm & Cozy Haven, 6 min. to N/W, 20 to Manhattan!",4811900,Bridget,Queens,Ditmars Steinway,40.77051,-73.90944,Private room,600,2,5,2018-04-29,0.27,2,0,1,-1
23169146,Artist apartment in LIC,51260506,Grace,Queens,Long Island City,40.74786,-73.94628,Shared room,1250,1,1,2018-02-19,0.06,1,173,-1,-1
27457026,New york Multi-unit building,125320407,Sata,Queens,Jamaica,40.70653,-73.80561,Entire home/apt,1000,2,0,,,5,365,1,-1
28287653,Hunters Point 2500sf 3-story Garden Home,193296202,Freda,Queens,Long Island City,40.74613,-73.95343,Entire home/apt,600,2,2,2019-07-05,0.25,2,272,1,-1
30266235,2nd floor of 2-family house available for December,227310832,Carol,Queens,Astoria,40.76789,-73.93512,Entire home/apt,1500,7,0,,,1,365,-1,-1
33133321,Majestic Mansion LifeStyle :),74373729,Shah,Queens,Bayside,40.77811,-73.77069,Entire home/apt,2600,6,3,2019-05-30,1.73,1,362,-1,-1
33521985,"Kings palace close to jfk, Belmont track  & casino",160940380,Adeola,Queens,St. Albans,40.69967,-73.75026,Entire home/apt,600,2,2,2019-06-23,1.58,3,332,1,-1
33741545,Astoria Apt,58024325,Nate,Queens,Astoria,40.76001,-73.92313,Private room,700,1,1,2019-05-06,0.47,1,125,1,-1
34221161,Room with sofa bed or air mattress,9295237,Noelle,Queens,Astoria,40.75593,-73.91276,Private room,2000,365,0,,,2,0,-1,-1
34253279,"Jfk min away. Welcome to the beach! Fun,sand,surf",125320407,Sata,Queens,Far Rockaway,40.60412,-73.75163,Private room,875,2,0,,,5,365,1,-1
34362400,Duplex great stay City center,234623462,Alan,Queens,Flushing,40.75565,-73.83361,Entire home/apt,688,3,0,,,1,365,1,-1
34944655,Large 7 Bed minutes from Midtown Manhattan!,263311126,Mary,Queens,Long Island City,40.75693,-73.93044,Entire home/apt,650,2,0,,,1,233,1,-1
35199464,"Penthouse on the beach 3 floors of art, fun,surf,",125320407,Sata,Queens,Far Rockaway,40.59636,-73.7413,Entire home/apt,900,2,0,,,5,365,1,-1
35706068,wait until later,35741633,Chen,Queens,Long Island City,40.74869,-73.94294,Entire home/apt,2000,1,0,,,1,365,-1,-1
